DROP DATABASE IF EXISTS hotel;

CREATE DATABASE hotel; 
USE hotel;

CREATE TABLE station (
	sta_id INT NOT NULL AUTO_INCREMENT PRIMARY KEY,
	sta_nom VARCHAR(50) NOT NULL,
	sta_altitude INT
);

CREATE TABLE hotel (
	hot_id 			INT AUTO_INCREMENT NOT NULL,
	hot_sta_id 		INT NOT NULL,
	hot_nom 		VARCHAR(50) NOT NULL,
	hot_categorie 	INT NOT NULL,
	hot_adresse		VARCHAR(50) NOT NULL,
	hot_ville 		VARCHAR(50) NOT NULL, 
	FOREIGN KEY (hot_sta_id) REFERENCES station(sta_id),
	PRIMARY KEY (hot_id)
);

CREATE TABLE chambre (
	cha_id INT NOT NULL AUTO_INCREMENT ,
	cha_hot_id INT NOT NULL,
	cha_numero INT NOT NULL,
	cha_capacite INT NOT NULL,
	cha_type INT NOT NULL,
	FOREIGN KEY (cha_hot_id) REFERENCES hotel(hot_id),
	PRIMARY KEY (cha_id)
);

CREATE TABLE client (
	cli_id INT NOT NULL AUTO_INCREMENT ,
	cli_nom VARCHAR(50),
	cli_prenom VARCHAR(50),
	cli_adresse VARCHAR(50),
	cli_ville VARCHAR(50),
	PRIMARY KEY (cli_id)
);

CREATE TABLE reservation (
	res_id INT NOT NULL AUTO_INCREMENT,
	res_cha_id INT NOT NULL ,
	res_cli_id INT NOT NULL ,
	res_date DATE NOT NULL,
	res_date_debut DATE NOT NULL,
	res_date_fin DATE NOT NULL,
	res_prix DECIMAL(6,2) NOT NULL,
	res_arrhes DECIMAL(6,2),
	FOREIGN KEY (res_cha_id) REFERENCES chambre(cha_id),
	FOREIGN KEY (res_cli_id) REFERENCES client(cli_id),
	PRIMARY KEY (res_id)
);

INSERT INTO station (sta_id, sta_nom, sta_altitude) VALUES (1, 'La Montagne', 2500);
INSERT INTO station (sta_id, sta_nom, sta_altitude) VALUES (2, 'Le Sud', 200);
INSERT INTO station (sta_id, sta_nom, sta_altitude) VALUES (3, 'La Plage', 10);

INSERT INTO hotel (hot_id, hot_sta_id, hot_nom, hot_categorie, hot_adresse, hot_ville) VALUES (1, 1, 'Le Magnifique', 3, 'rue du bas', 'Pralo');
INSERT INTO hotel (hot_id, hot_sta_id, hot_nom, hot_categorie, hot_adresse, hot_ville) VALUES (2, 1, 'Hotel du haut', 1, 'rue du haut', 'Pralo');
INSERT INTO hotel (hot_id, hot_sta_id, hot_nom, hot_categorie, hot_adresse, hot_ville) VALUES (3, 2, 'Le Narval', 3, 'place de la liberation', 'Vonten');
INSERT INTO hotel (hot_id, hot_sta_id, hot_nom, hot_categorie, hot_adresse, hot_ville) VALUES (4, 2, 'Les Pissenlis', 4, 'place du 14 juillet', 'Bretou');
INSERT INTO hotel (hot_id, hot_sta_id, hot_nom, hot_categorie, hot_adresse, hot_ville) VALUES (5, 2, 'RR Hotel', 5, 'place du bas', 'Bretou');
INSERT INTO hotel (hot_id, hot_sta_id, hot_nom, hot_categorie, hot_adresse, hot_ville) VALUES (6, 2, 'La Brique', 2, 'place du haut', 'Bretou');
INSERT INTO hotel (hot_id, hot_sta_id, hot_nom, hot_categorie, hot_adresse, hot_ville) VALUES (7, 3, 'Le Beau Rivage', 3, 'place du centre', 'Toras');

INSERT INTO chambre (cha_numero, cha_hot_id, cha_capacite, cha_type) VALUES (001, 1, 2, 1);
INSERT INTO chambre (cha_numero, cha_hot_id, cha_capacite, cha_type) VALUES (002, 1, 3, 1);
INSERT INTO chambre (cha_numero, cha_hot_id, cha_capacite, cha_type) VALUES (003, 1, 2, 1);
INSERT INTO chambre (cha_numero, cha_hot_id, cha_capacite, cha_type) VALUES (101, 1, 1, 1);
INSERT INTO chambre (cha_numero, cha_hot_id, cha_capacite, cha_type) VALUES (102, 1, 2, 1);
INSERT INTO chambre (cha_numero, cha_hot_id, cha_capacite, cha_type) VALUES (103, 1, 3, 1);
INSERT INTO chambre (cha_numero, cha_hot_id, cha_capacite, cha_type) VALUES (201, 1, 2, 1);
INSERT INTO chambre (cha_numero, cha_hot_id, cha_capacite, cha_type) VALUES (202, 1, 7, 1);
INSERT INTO chambre (cha_numero, cha_hot_id, cha_capacite, cha_type) VALUES (203, 1, 1, 1);
INSERT INTO chambre (cha_numero, cha_hot_id, cha_capacite, cha_type) VALUES (001, 2, 2, 1);
INSERT INTO chambre (cha_numero, cha_hot_id, cha_capacite, cha_type) VALUES (002, 2, 2, 1);
INSERT INTO chambre (cha_numero, cha_hot_id, cha_capacite, cha_type) VALUES (003, 2, 1, 1);
INSERT INTO chambre (cha_numero, cha_hot_id, cha_capacite, cha_type) VALUES (101, 2, 2, 1);
INSERT INTO chambre (cha_numero, cha_hot_id, cha_capacite, cha_type) VALUES (102, 2, 1, 1);
INSERT INTO chambre (cha_numero, cha_hot_id, cha_capacite, cha_type) VALUES (103, 2, 3, 1);
INSERT INTO chambre (cha_numero, cha_hot_id, cha_capacite, cha_type) VALUES (201, 2, 2, 1);
INSERT INTO chambre (cha_numero, cha_hot_id, cha_capacite, cha_type) VALUES (202, 2, 4, 1);
INSERT INTO chambre (cha_numero, cha_hot_id, cha_capacite, cha_type) VALUES (203, 2, 4, 1);
INSERT INTO chambre (cha_numero, cha_hot_id, cha_capacite, cha_type) VALUES (001, 3, 3, 1);
INSERT INTO chambre (cha_numero, cha_hot_id, cha_capacite, cha_type) VALUES (002, 3, 1, 1);
INSERT INTO chambre (cha_numero, cha_hot_id, cha_capacite, cha_type) VALUES (003, 3, 2, 1);
INSERT INTO chambre (cha_numero, cha_hot_id, cha_capacite, cha_type) VALUES (101, 3, 2, 1);
INSERT INTO chambre (cha_numero, cha_hot_id, cha_capacite, cha_type) VALUES (102, 3, 2, 1);
INSERT INTO chambre (cha_numero, cha_hot_id, cha_capacite, cha_type) VALUES (103, 3, 2, 1);
INSERT INTO chambre (cha_numero, cha_hot_id, cha_capacite, cha_type) VALUES (201, 3, 2, 1);
INSERT INTO chambre (cha_numero, cha_hot_id, cha_capacite, cha_type) VALUES (202, 3, 4, 1);
INSERT INTO chambre (cha_numero, cha_hot_id, cha_capacite, cha_type) VALUES (203, 3, 4, 1);
INSERT INTO chambre (cha_numero, cha_hot_id, cha_capacite, cha_type) VALUES (001, 4, 4, 1);
INSERT INTO chambre (cha_numero, cha_hot_id, cha_capacite, cha_type) VALUES (002, 4, 2, 1);
INSERT INTO chambre (cha_numero, cha_hot_id, cha_capacite, cha_type) VALUES (003, 4, 4, 1);
INSERT INTO chambre (cha_numero, cha_hot_id, cha_capacite, cha_type) VALUES (101, 4, 1, 1);
INSERT INTO chambre (cha_numero, cha_hot_id, cha_capacite, cha_type) VALUES (102, 4, 2, 1);
INSERT INTO chambre (cha_numero, cha_hot_id, cha_capacite, cha_type) VALUES (103, 4, 2, 1);
INSERT INTO chambre (cha_numero, cha_hot_id, cha_capacite, cha_type) VALUES (201, 4, 2, 1);
INSERT INTO chambre (cha_numero, cha_hot_id, cha_capacite, cha_type) VALUES (202, 4, 2, 1);
INSERT INTO chambre (cha_numero, cha_hot_id, cha_capacite, cha_type) VALUES (203, 4, 3, 1);
INSERT INTO chambre (cha_numero, cha_hot_id, cha_capacite, cha_type) VALUES (001, 5, 3, 1);
INSERT INTO chambre (cha_numero, cha_hot_id, cha_capacite, cha_type) VALUES (002, 5, 2, 1);
INSERT INTO chambre (cha_numero, cha_hot_id, cha_capacite, cha_type) VALUES (003, 5, 2, 1);
INSERT INTO chambre (cha_numero, cha_hot_id, cha_capacite, cha_type) VALUES (101, 5, 1, 1);
INSERT INTO chambre (cha_numero, cha_hot_id, cha_capacite, cha_type) VALUES (102, 5, 4, 1);
INSERT INTO chambre (cha_numero, cha_hot_id, cha_capacite, cha_type) VALUES (103, 5, 1, 1);
INSERT INTO chambre (cha_numero, cha_hot_id, cha_capacite, cha_type) VALUES (201, 5, 2, 1);
INSERT INTO chambre (cha_numero, cha_hot_id, cha_capacite, cha_type) VALUES (202, 5, 4, 1);
INSERT INTO chambre (cha_numero, cha_hot_id, cha_capacite, cha_type) VALUES (203, 5, 4, 1);
INSERT INTO chambre (cha_numero, cha_hot_id, cha_capacite, cha_type) VALUES (001, 6, 1, 1);
INSERT INTO chambre (cha_numero, cha_hot_id, cha_capacite, cha_type) VALUES (002, 6, 1, 1);
INSERT INTO chambre (cha_numero, cha_hot_id, cha_capacite, cha_type) VALUES (003, 6, 1, 1);
INSERT INTO chambre (cha_numero, cha_hot_id, cha_capacite, cha_type) VALUES (101, 6, 1, 1);
INSERT INTO chambre (cha_numero, cha_hot_id, cha_capacite, cha_type) VALUES (102, 6, 1, 1);
INSERT INTO chambre (cha_numero, cha_hot_id, cha_capacite, cha_type) VALUES (103, 6, 1, 1);
INSERT INTO chambre (cha_numero, cha_hot_id, cha_capacite, cha_type) VALUES (201, 6, 1, 1);
INSERT INTO chambre (cha_numero, cha_hot_id, cha_capacite, cha_type) VALUES (202, 6, 1, 1);
INSERT INTO chambre (cha_numero, cha_hot_id, cha_capacite, cha_type) VALUES (203, 6, 1, 1);
INSERT INTO chambre (cha_numero, cha_hot_id, cha_capacite, cha_type) VALUES (001, 7, 1, 1);
INSERT INTO chambre (cha_numero, cha_hot_id, cha_capacite, cha_type) VALUES (002, 7, 5, 1);
INSERT INTO chambre (cha_numero, cha_hot_id, cha_capacite, cha_type) VALUES (003, 7, 5, 1);
INSERT INTO chambre (cha_numero, cha_hot_id, cha_capacite, cha_type) VALUES (101, 7, 5, 1);
INSERT INTO chambre (cha_numero, cha_hot_id, cha_capacite, cha_type) VALUES (102, 7, 5, 1);
INSERT INTO chambre (cha_numero, cha_hot_id, cha_capacite, cha_type) VALUES (103, 7, 5, 1);
INSERT INTO chambre (cha_numero, cha_hot_id, cha_capacite, cha_type) VALUES (201, 7, 5, 1);
INSERT INTO chambre (cha_numero, cha_hot_id, cha_capacite, cha_type) VALUES (202, 7, 5, 1);
INSERT INTO chambre (cha_numero, cha_hot_id, cha_capacite, cha_type) VALUES (203, 7, 5, 1);

INSERT INTO client (cli_nom, cli_prenom, cli_adresse, cli_ville) VALUES ('Doe', 'John', '', 'LA');
INSERT INTO client (cli_nom, cli_prenom, cli_adresse, cli_ville) VALUES ('Homme', 'Josh', '', 'Palm Desert');
INSERT INTO client (cli_nom, cli_prenom, cli_adresse, cli_ville) VALUES ('Paul', 'Weller', '', 'Londres');
INSERT INTO client (cli_nom, cli_prenom, cli_adresse, cli_ville) VALUES ('White', 'Jack', '', 'Detroit');
INSERT INTO client (cli_nom, cli_prenom, cli_adresse, cli_ville) VALUES ('Claypool', 'Les', '', 'San Francisco');
INSERT INTO client (cli_nom, cli_prenom, cli_adresse, cli_ville) VALUES ('Squire', 'Chris', '', 'Londres');
INSERT INTO client (cli_nom, cli_prenom, cli_adresse, cli_ville) VALUES ('Wood', 'Ronnie', '', 'Londres');

INSERT INTO reservation (res_cha_id, res_cli_id, res_date, res_date_debut, res_date_fin, res_prix, res_arrhes) VALUES (1, 1, '2021-01-17', '2021-04-09', '2021-04-13', 2400, 800);
INSERT INTO reservation (res_cha_id, res_cli_id, res_date, res_date_debut, res_date_fin, res_prix, res_arrhes) VALUES (2, 2, '2021-01-19', '2021-04-09', '2021-04-13', 3400, 100);
INSERT INTO reservation (res_cha_id, res_cli_id, res_date, res_date_debut, res_date_fin, res_prix, res_arrhes) VALUES (1, 3, '2020-12-26', '2021-02-01', '2021-02-08', 400, 50);
INSERT INTO reservation (res_cha_id, res_cli_id, res_date, res_date_debut, res_date_fin, res_prix, res_arrhes) VALUES (2, 4, '2021-02-13', '2021-04-01', '2021-04-13', 7200, 1800);
INSERT INTO reservation (res_cha_id, res_cli_id, res_date, res_date_debut, res_date_fin, res_prix, res_arrhes) VALUES (3, 5, '2021-10-25', '2022-02-05', '2021-02-15', 1400, 450);
INSERT INTO reservation (res_cha_id, res_cli_id, res_date, res_date_debut, res_date_fin, res_prix, res_arrhes) VALUES (4, 6, '2022-03-03', '2022-04-14', '2022-04-18', 2400, 780);
INSERT INTO reservation (res_cha_id, res_cli_id, res_date, res_date_debut, res_date_fin, res_prix, res_arrhes) VALUES (4, 6, '2022-01-17', '2022-04-16', '2022-04-26', 500, 80);
INSERT INTO reservation (res_cha_id, res_cli_id, res_date, res_date_debut, res_date_fin, res_prix, res_arrhes) VALUES (50, 1, '2022-03-18', '2022-04-10', '2022-04-18', 40, 0);